parameter,S1,S1_ci_lo,S1_ci_hi,ST,ST_ci_lo,ST_ci_hi,status,regime,rank
safety_gate,-0.2927868209369902,-1.6287468676281467,1.828603996700342,0.5982700766838496,0.4319161965289403,0.6923921634649381,configured,AR_sobol_N1024,1
evidence_gate,0.16822131001472518,-1.1318032375032328,1.478565081146357,0.28912847973689204,0.23040034234641055,0.3764359368730399,configured,AR_sobol_N1024,2
calibration_gate,0.5471670381364302,-0.5136078274261174,1.36990683024635,0.2319170045302704,0.16204197788236024,0.29694093808724337,configured,AR_sobol_N1024,3
unsafe_base_rate,0.6281498178516113,-0.30693612717275787,1.3483274705902966,0.15105984307119216,0.10634018263569664,0.20634418547982475,ASSUMED,AR_sobol_N1024,4
traceability_gate,0.19980277391105913,-0.5442000938666389,0.9199378060139285,0.12556998867518998,0.08830944588354687,0.1670463557086469,configured,AR_sobol_N1024,5
bias_gate,-0.5,-1.3443086940751157,0.0259088466031635,0.07894935126225544,0.051041558112425583,0.10328292774083965,configured,AR_sobol_N1024,6
auditability_noise,0.06638476748519284,-0.3248809387072191,0.42901489444589547,0.02528142047566797,0.017490312468628887,0.03113761425539446,ASSUMED,AR_sobol_N1024,7
