parameter,S1,S1_ci_lo,S1_ci_hi,ST,ST_ci_lo,ST_ci_hi,status,regime,rank
evidence_gate,0.27177464505204757,0.24055653883020486,0.30364636088821895,0.2738402304048703,0.2576656814398288,0.29236060281026627,configured,AR_sobol_N2048,1
safety_gate,0.23088003752355846,0.19989314363127916,0.25738146907564147,0.23150096780288612,0.21593275102770534,0.24756110404779763,configured,AR_sobol_N2048,2
calibration_gate,0.1867912902160535,0.16189326453573608,0.21076369269264805,0.19046571985846658,0.17772151850869108,0.20287190551481962,configured,AR_sobol_N2048,3
traceability_gate,0.1635628199706154,0.13899788243165165,0.19080917551453608,0.165429620830855,0.15588201008609018,0.175798176632434,configured,AR_sobol_N2048,4
bias_gate,0.1419005348181838,0.12461967886568757,0.16633248929351088,0.14345757957443084,0.13559932808049474,0.15409350781694633,configured,AR_sobol_N2048,5
auditability_noise,3.1139043668235756e-05,-0.0008504813684917487,0.0009176143026283298,0.00022051116683743458,0.00019708748423533445,0.00024813179199136915,ASSUMED,AR_sobol_N2048,6
unsafe_base_rate,0.0,0.0,0.0,0.0,0.0,0.0,ASSUMED,AR_sobol_N2048,7
