parameter,S1,S1_conf,ST,ST_conf,status,rank
safety_gate,0.5376413014583749,0.05,1.0,0.05,configured,1
unsafe_base_rate,0.0,0.05,1.0,0.05,ASSUMED,2
bias_gate,0.0,0.05,0.6823539709070617,0.05,configured,3
calibration_gate,0.0,0.05,0.347060533649021,0.05,configured,4
evidence_gate,0.008457207108102398,0.05,0.3010365324205245,0.05,configured,5
traceability_gate,0.0767376771264069,0.05,0.16535857109776353,0.05,configured,6
auditability_noise,0.009482047597429787,0.05,0.007421133601075651,0.05,ASSUMED,7
