regime_label,Detection,10pct_base,20pct_base,30pct_base,Throughput,FN_harm
NC Moderate (AR2),0.9987,0.012999999999999678,0.025999999999999357,0.038999999999999035,0.21795,1.6901129143644595
WAC Moderate (AR2),0.7675,2.3250000000000006,4.650000000000001,6.9750000000000005,0.80995,325.94950800657097
