Regime,Detection,10% base,20% base,30% base,Throughput,FN Harm
NC Moderate,99.9%,0.01,0.02,0.03,21.0%,11.223525015451116
NC Permissive,86.3%,1.37,2.74,4.11,51.0%,232.31157573214423
Compensatory,76.8%,2.32,4.64,6.96,81.0%,325.9
