{
  "thresholds": [
    0.01,
    0.03,
    0.05,
    0.06999999999999999,
    0.09,
    0.11,
    0.13,
    0.15000000000000002,
    0.17,
    0.19,
    0.21000000000000002,
    0.23,
    0.25,
    0.27,
    0.29000000000000004,
    0.31,
    0.33,
    0.35000000000000003,
    0.37,
    0.39,
    0.41000000000000003,
    0.43,
    0.45,
    0.47000000000000003,
    0.49,
    0.51,
    0.53,
    0.55,
    0.5700000000000001,
    0.59,
    0.61,
    0.63,
    0.65,
    0.67,
    0.6900000000000001,
    0.7100000000000001,
    0.73,
    0.75,
    0.77,
    0.79,
    0.81,
    0.8300000000000001,
    0.85,
    0.87,
    0.89,
    0.91,
    0.93,
    0.9500000000000001,
    0.97,
    0.99
  ],
  "policies": {
    "permissive": [
      0.16640404040404042,
      0.15837113402061856,
      0.15,
      0.1412688172043011,
      0.13215384615384618,
      0.12262921348314608,
      0.11266666666666666,
      0.10223529411764705,
      0.09130120481927712,
      0.07982716049382718,
      0.06777215189873417,
      0.05509090909090911,
      0.041733333333333344,
      0.02764383561643835,
      0.01276056338028167,
      -0.002985507246376806,
      -0.019671641791044803,
      -0.037384615384615405,
      -0.05622222222222223,
      -0.07629508196721313,
      -0.09772881355932206,
      -0.12066666666666659,
      -0.14527272727272722,
      -0.17173584905660377,
      -0.20027450980392153,
      -0.23114285714285715,
      -0.2646382978723405,
      -0.3011111111111112,
      -0.3409767441860466,
      -0.38473170731707307,
      -0.432974358974359,
      -0.4864324324324324,
      -0.546,
      -0.6127878787878789,
      -0.688193548387097,
      -0.7740000000000004,
      -0.8725185185185184,
      -0.9868,
      -1.1209565217391306,
      -1.2806666666666668,
      -1.4740000000000006,
      -1.7128235294117653,
      -2.015333333333333,
      -2.4109230769230763,
      -2.9503636363636363,
      -3.7295555555555566,
      -4.954000000000003,
      -7.158000000000011,
      -12.300666666666658,
      -38.01399999999997
    ],
    "moderate": [
      0.19357171717171717,
      0.18052371134020617,
      0.16692631578947367,
      0.15274408602150538,
      0.13793846153846154,
      0.12246741573033708,
      0.10628505747126436,
      0.08934117647058822,
      0.07158072289156625,
      0.05294320987654322,
      0.033362025316455685,
      0.012763636363636394,
      -0.008933333333333321,
      -0.031819178082191785,
      -0.05599436619718315,
      -0.08157101449275364,
      -0.10867462686567167,
      -0.13744615384615386,
      -0.1680444444444444,
      -0.20064918032786885,
      -0.235464406779661,
      -0.2727228070175438,
      -0.312690909090909,
      -0.3556754716981132,
      -0.40203137254901955,
      -0.45217142857142856,
      -0.5065787234042554,
      -0.5658222222222223,
      -0.6305767441860467,
      -0.7016487804878047,
      -0.7800102564102563,
      -0.8668432432432431,
      -0.9636,
      -1.0720848484848486,
      -1.1945677419354843,
      -1.3339448275862076,
      -1.49397037037037,
      -1.6795999999999998,
      -1.897513043478261,
      -2.156933333333334,
      -2.4709684210526324,
      -2.85889411764706,
      -3.350266666666666,
      -3.992830769230768,
      -4.869054545454545,
      -6.134711111111113,
      -8.123600000000005,
      -11.703600000000018,
      -20.056933333333316,
      -61.82359999999994
    ],
    "strict": [
      0.19212727272727273,
      0.17589484536082475,
      0.15897894736842105,
      0.14133548387096775,
      0.12291648351648353,
      0.10366966292134833,
      0.08353793103448276,
      0.06245882352941176,
      0.040363855421686745,
      0.017177777777777792,
      -0.0071822784810126605,
      -0.032807792207792175,
      -0.059799999999999964,
      -0.08827123287671235,
      -0.11834647887323946,
      -0.1501652173913044,
      -0.1838835820895523,
      -0.2196769230769231,
      -0.25774285714285716,
      -0.2983049180327869,
      -0.3416169491525424,
      -0.38796842105263146,
      -0.43769090909090896,
      -0.49116603773584905,
      -0.5488352941176469,
      -0.6112122448979591,
      -0.6788978723404255,
      -0.7526000000000002,
      -0.8331581395348839,
      -0.9215756097560974,
      -1.0190615384615385,
      -1.1270864864864865,
      -1.247457142857143,
      -1.3824181818181822,
      -1.5347935483870974,
      -1.7081862068965525,
      -1.9072666666666664,
      -2.1382,
      -2.409295652173913,
      -2.7320285714285717,
      -3.1227052631578953,
      -3.6053058823529427,
      -4.2166,
      -5.015984615384615,
      -6.106054545454546,
      -7.680600000000002,
      -10.154885714285722,
      -14.608600000000022,
      -25.00059999999998,
      -76.96059999999993
    ],
    "very_strict": [
      0.19196464646464648,
      0.17539690721649487,
      0.15813157894736843,
      0.14012365591397852,
      0.12132417582417585,
      0.10167977528089889,
      0.08113218390804598,
      0.059617647058823525,
      0.037066265060240966,
      0.013401234567901266,
      -0.01146202531645571,
      -0.037616883116883104,
      -0.06516666666666665,
      -0.09422602739726027,
      -0.12492253521126762,
      -0.1573985507246377,
      -0.19181343283582097,
      -0.22834615384615392,
      -0.2671984126984127,
      -0.3085983606557377,
      -0.3528050847457627,
      -0.4001140350877192,
      -0.4508636363636363,
      -0.5054433962264151,
      -0.5643039215686274,
      -0.627969387755102,
      -0.6970531914893618,
      -0.7722777777777781,
      -0.8545000000000003,
      -0.9447439024390243,
      -1.0442435897435898,
      -1.1544999999999999,
      -1.277357142857143,
      -1.415106060606061,
      -1.5706290322580652,
      -1.747603448275863,
      -1.9507962962962961,
      -2.1864999999999997,
      -2.463195652173913,
      -2.7925952380952386,
      -3.1913421052631588,
      -3.6839117647058837,
      -4.307833333333333,
      -5.123730769230768,
      -6.2363181818181825,
      -7.843388888888891,
      -10.368785714285723,
      -14.914500000000023,
      -25.521166666666645,
      -78.55449999999993
    ],
    "compensatory_moderate": [
      0.15436363636363637,
      0.1511958762886598,
      0.14789473684210527,
      0.1444516129032258,
      0.14085714285714288,
      0.13710112359550564,
      0.13317241379310346,
      0.12905882352941178,
      0.12474698795180723,
      0.12022222222222223,
      0.11546835443037975,
      0.11046753246753248,
      0.10520000000000002,
      0.09964383561643836,
      0.09377464788732394,
      0.08756521739130435,
      0.08098507462686566,
      0.074,
      0.06657142857142857,
      0.058655737704918026,
      0.05020338983050847,
      0.041157894736842116,
      0.03145454545454546,
      0.021018867924528284,
      0.009764705882352953,
      -0.002408163265306129,
      -0.015617021276595783,
      -0.030000000000000054,
      -0.04572093023255819,
      -0.06297560975609753,
      -0.08200000000000002,
      -0.10308108108108108,
      -0.12657142857142864,
      -0.15290909090909097,
      -0.18264516129032268,
      -0.21648275862068986,
      -0.2553333333333333,
      -0.3004,
      -0.353304347826087,
      -0.41628571428571437,
      -0.4925263157894739,
      -0.5867058823529415,
      -0.706,
      -0.862,
      -1.074727272727273,
      -1.3820000000000008,
      -1.8648571428571445,
      -2.7340000000000044,
      -4.761999999999997,
      -14.901999999999987
    ],