{
  "unsafe_detection_rate": [
    [
      0.8665,
      0.8835,
      0.9065,
      0.9385,
      0.965,
      0.985
    ],
    [
      0.927,
      0.9365,
      0.95,
      0.966,
      0.9815,
      0.9925
    ],
    [
      0.993,
      0.9935,
      0.9955,
      0.997,
      0.998,
      0.999
    ],
    [
      0.9995,
      0.9995,
      1.0,
      1.0,
      1.0,
      1.0
    ],
    [
      1.0,
      1.0,
      1.0,
      1.0,
      1.0,
      1.0
    ],
    [
      1.0,
      1.0,
      1.0,
      1.0,
      1.0,
      1.0
    ]
  ],
  "safe_throughput": [
    [
      0.383,
      0.341,
      0.280125,
      0.206,
      0.124,
      0.05975
    ],
    [
      0.380875,
      0.338875,
      0.27825,
      0.205125,
      0.123375,
      0.05925
    ],
    [
      0.35825,
      0.31925,
      0.2625,
      0.193,
      0.115875,
      0.0555
    ],
    [
      0.30325,
      0.273125,
      0.225875,
      0.167875,
      0.1005,
      0.049625
    ],
    [
      0.21725,
      0.197,
      0.16275,
      0.122875,
      0.073375,
      0.037
    ],
    [
      0.127375,
      0.117375,
      0.09775,
      0.074125,
      0.046625,
      0.02425
    ]
  ],
  "false_negative_harm": [
    [
      198.71908358642747,
      172.19921244494938,
      138.87216564465936,
      91.44371075547978,
      52.3481290009584,
      22.338087271234095
    ],
    [
      104.08667454059724,
      88.70232638853275,
      70.9735660874654,
      49.62491256617265,
      27.732058909460463,
      11.200322231231032
    ],
    [
      9.537246910101324,
      9.022796762889143,
      6.194152932134426,
      4.279633301405826,
      2.8309521924638474,
      1.419659622238833
    ],
    [
      0.8181907598508342,
      0.8181907598508342,
      0.0,
      0.0,
      0.0,
      0.0
    ],
    [
      0.0,
      0.0,
      0.0,
      0.0,
      0.0,
      0.0
    ],
    [
      0.0,
      0.0,
      0.0,
      0.0,
      0.0,
      0.0
    ]
  ],
  "mean_total_friction": [
    [
      3.6020781898165057,
      3.648841327409609,
      3.701133735151141,
      3.7583433833433797,
      3.818870743205324,
      3.8763762266008075
    ],
    [
      3.6421605485055175,
      3.6891411804247247,
      3.741693254571555,
      3.7987474014248424,
      3.85951580034047,
      3.9171542085778848
    ],
    [
      3.687478621379177,
      3.7341590817535986,
      3.7860242346448794,
      3.8423489719609716,
      3.9019748345552245,
      3.958753549815115
    ],
    [
      3.7376959582292155,
      3.783185520689882,
      3.8335857201255843,
      3.887904679949511,
      3.9459640932895943,
      4.0007559222594296
    ],
    [
      3.796542564226577,
      3.8406648327627466,
      3.8888589859628993,
      3.9393602486125614,
      3.993480632476802,
      4.04476826073154
    ],
    [
      3.8586020536515533,
      3.9009887625359916,
      3.9462673867577176,
      3.9931683780983507,
      4.041665021907589,
      4.0891945046296545
    ]
  ],
  "safety_vals": [
    0.2,
    0.32000000000000006,
    0.44000000000000006,
    0.56,
    0.6800000000000002,
    0.8
  ],
  "evidence_vals": [
    0.2,
    0.32000000000000006,
    0.44000000000000006,
    0.56,
    0.6800000000000002,
    0.8
  ]
}