{
  "regime": "AR3_inference",
  "n_replicates_total": 25,
  "detection_mean": 0.9933877600000001,
  "detection_ci_lower": 0.9900424999999999,
  "detection_ci_upper": 0.9963728333333334,
  "detection_std": 0.008148335890093015,
  "throughput_mean": 0.2094357642857143,
  "throughput_ci_lower": 0.20329048809523811,
  "throughput_ci_upper": 0.2158769761904762,
  "throughput_std": 0.01732409204344504,
  "harm_mean": 11.197177015141122,
  "harm_ci_lower": 5.891337527411446,
  "harm_ci_upper": 16.846999706466118,
  "harm_std": 14.68204095590143,
  "friction_mean": 3.7656978680590574,
  "friction_ci_lower": 3.763901461693026,
  "friction_ci_upper": 3.767408880586917,
  "friction_std": 0.004754551105909829,
  "detection_bayesian": {
    "posterior_mean": 0.9934866666666667,
    "ci_lower": 0.9927630785923157,
    "ci_upper": 0.9941728702130314,
    "alpha_posterior": 49674.333333333336,
    "beta_posterior": 325.666666666663
  }
}