{
  "config": {
    "n_pop": 50,
    "n_gen": 25,
    "seeds": [
      42,
      123,
      7777
    ]
  },
  "regime": "AR_nsga2_diagnostics",
  "per_seed": [
    {
      "seed": 42,
      "n_pareto": 50,
      "final_hv": 0.8171583333333333,
      "hv_trajectory": [
        0.4589027777777777,
        0.4623972222222221,
        0.4626472222222222,
        0.4738583333333333,
        0.5093888888888889,
        0.5260777777777776,
        0.5405444444444445,
        0.6217972222222222,
        0.6228888888888888,
        0.6259499999999998,
        0.6262138888888888,
        0.6386749999999999,
        0.6589055555555555,
        0.6866111111111112,
        0.6996027777777778,
        0.7075750000000002,
        0.7442805555555556,
        0.7533305555555555,
        0.7637555555555555,
        0.7642944444444445,
        0.7717027777777777,
        0.792797222222222,
        0.801486111111111,
        0.8029111111111112,
        0.8171583333333333
      ]
    },
    {
      "seed": 123,
      "n_pareto": 50,
      "final_hv": 0.8386916666666667,
      "hv_trajectory": [
        0.5613416666666666,
        0.5619361111111111,
        0.5632333333333333,
        0.593525,
        0.6052499999999998,
        0.6065,
        0.6112333333333333,
        0.6196138888888887,
        0.6662888888888888,
        0.6717638888888888,
        0.6727027777777778,
        0.6901055555555556,
        0.6904499999999998,
        0.7100444444444445,
        0.7552638888888888,
        0.7649333333333335,
        0.7660138888888889,
        0.7774138888888888,
        0.7975777777777778,
        0.7979583333333334,
        0.7981694444444444,
        0.8285027777777778,
        0.8294388888888888,
        0.8285777777777779,
        0.8386916666666667
      ]
    },
    {
      "seed": 7777,
      "n_pareto": 50,
      "final_hv": 0.8489388888888889,
      "hv_trajectory": [
        0.4755722222222222,
        0.5615222222222223,
        0.5632111111111111,
        0.5741944444444443,
        0.5964722222222221,
        0.5984499999999999,
        0.6292055555555555,
        0.6558416666666665,
        0.6591499999999999,
        0.682175,
        0.7030333333333332,
        0.7075333333333333,
        0.7279888888888888,
        0.7326444444444443,
        0.7393472222222223,
        0.763838888888889,
        0.7971416666666666,
        0.812075,
        0.8234666666666666,
        0.8231166666666665,
        0.8262805555555552,
        0.8273972222222222,
        0.8339444444444444,
        0.8375055555555555,
        0.8489388888888889
      ]
    }
  ],
  "frontier_overlap_with_seed42": [
    {
      "seed_pair": [
        42,
        123
      ],
      "overlap_fraction": 0.7
    },
    {
      "seed_pair": [
        42,
        7777
      ],
      "overlap_fraction": 0.76
    }
  ]
}