seed_id,n_pareto_solutions,final_hypervolume
42,50,0.8171583333333333
123,50,0.8386916666666667
7777,50,0.8489388888888889
