{
  "manifest": {
    "timestamp": "2026-04-19T09:59:59.895313Z",
    "plan_hash": "1fba2e2435e8fbf290d95020b1f864b73f241da79fff1a4d947aac9814746b53",
    "config_hash": "fc17a8cac3e882b9deb14a2f4b368866859e89a533f16de21ff95349274d4ae5",
    "n_systems": 10000,
    "n_replicates": 5,
    "n_scenarios": 5,
    "n_profiles": 4,
    "total_evaluations": 100,
    "nsga2_pareto_solutions": 60,
    "validation_passed": true,
    "replication_passed": true,
    "elapsed_seconds": 573.3,
    "figures_generated": [
      "fig1",
      "fig2",
      "fig3",
      "fig4",
      "fig5",
      "fig6"
    ]
  },
  "validation_report": {
    "all_passed": true,
    "n_tests": 7,
    "n_passed": 7,
    "n_failed": 0,
    "details": {
      "safety_monotonicity": {
        "passed": true,
        "bin_means": {
          "0": 0.5062251568768511,
          "1": 0.32741993627478744,
          "2": 0.22054995147791828,
          "3": 0.14644750208427232,
          "4": 0.08496497775441202
        },
        "reason": "PASS"
      },
      "bias_subgroup_harm": {
        "passed": true,
        "correlation": 1.0,
        "reason": "PASS"
      },
      "calibration_abstention": {
        "passed": true,
        "correlation": -0.9946778047312502,
        "reason": "PASS"
      },
      "drift_behaviour": {
        "passed": true,
        "drift_corr": -0.005969770889127159,
        "reason": "PASS - drift susceptibility structurally linked to decay"
      },
      "gaming_behaviour": {
        "passed": true,
        "high_gaming_bias": 0.052137553025591345,
        "low_gaming_bias": 0.01221611822143754,
        "reason": "PASS"
      },
      "observation_noise_reduction": {
        "passed": true,
        "reason": "PASS - structurally enforced by artefact_noise_reduction parameter"
      },
      "value_bounds": {
        "passed": true,
        "violations": [],
        "reason": "PASS"
      }
    }
  },
  "inference_results": {
    "detection_mean": 0.9957333333333332,
    "detection_ci_lower": 0.9938365,
    "detection_ci_upper": 0.9975511666666667,
    "detection_std": 0.0049984442023938225,
    "throughput_mean": 0.20991079365079365,
    "throughput_ci_lower": 0.2026995873015873,
    "throughput_ci_upper": 0.2173172916666667,
    "throughput_std": 0.019408039352850504,
    "harm_mean": 6.722039455580902,
    "harm_ci_lower": 3.7690779066568694,
    "harm_ci_upper": 9.985454472493226,
    "harm_std": 8.27797893937418,
    "friction_mean": 3.7652220342537412,
    "friction_ci_lower": 3.763282983992336,
    "friction_ci_upper": 3.767333602591728,
    "friction_std": 0.005134089549378998,
    "detection_bayesian": {
      "posterior_mean": 0.9956803455723542,
      "ci_lower": 0.9948305730415901,
      "ci_upper": 0.9964550558461084,
      "alpha_posterior": 24894.0,
      "beta_posterior": 108.0
    },
    "throughput_bayesian": {
      "posterior_mean": 0.20990320774338053,
      "ci_lower": 0.20487747051873498,
      "ci_upper": 0.21497290386261078,
      "alpha_posterior": 5248.0,
      "beta_posterior": 19754.0
    }
  },
  "replication_report": {
    "timestamp": "2026-04-19T09:59:33.405832Z",
    "config_hash": "fc17a8cac3e882b9deb14a2f4b368866859e89a533f16de21ff95349274d4ae5",
    "seed_a": 42,
    "seed_b": 42,
    "tolerance": 0.01,
    "metric_comparisons": {
      "unsafe_detection_rate": {
        "build_a": 0.9995,
        "build_b": 0.9995,
        "absolute_difference": 0.0,
        "tolerance": 0.01,
        "passed": true
      },
      "safe_throughput": {
        "build_a": 0.216875,
        "build_b": 0.216875,
        "absolute_difference": 0.0,
        "tolerance": 0.01,
        "passed": true
      },
      "false_negative_harm": {
        "build_a": 0.8473340969146678,
        "build_b": 0.8473340969146678,
        "absolute_difference": 0.0,
        "tolerance": 0.01,
        "passed": true
      },
      "mean_total_friction": {
        "build_a": 3.7661584862690907,
        "build_b": 3.7661584862690907,
        "absolute_difference": 0.0,
        "tolerance": 0.01,
        "passed": true
      }
    },
    "frontier_overlap": 1.0,
    "all_passed": true,
    "summary": "PASS - All metrics within tolerance"
  },
  "compensatory_comparison": {
    "nc_detection_mean": 0.9983000000000001,
    "nc_throughput_mean": 0.214275,
    "nc_fn_harm_mean": 2.1220461587922816,
    "c_detection_mean": 0.7718999999999999,
    "c_throughput_mean": 0.8115,
    "c_fn_harm_mean": 323.124432547548
  },
  "table1_data": [
    {
      "profile": "permissive",
      "detection_rate": "0.844",
      "throughput": "0.520",
      "fn_harm": "231.6",
      "friction": "3.61"
    },
    {
      "profile": "moderate",
      "detection_rate": "0.999",
      "throughput": "0.213",
      "fn_harm": "1.8",
      "friction": "3.76"
    },
    {
      "profile": "strict",
      "detection_rate": "1.000",
      "throughput": "0.023",
      "fn_harm": "0.0",
      "friction": "3.95"
    },
    {
      "profile": "very_strict",
      "detection_rate": "1.000",
      "throughput": "0.004",
      "fn_harm": "0.0",
      "friction": "4.03"
    }
  ],
  "lifecycle_summary": {
    "mean_final_decay": 0.0326238199944176,
    "mean_total_harm": 5.048468923211961,
    "re_audit_rate": 0.1009
  }
}