replicate,nc_detection,nc_throughput,nc_fn_harm,c_detection,c_throughput,c_fn_harm,regime
0,0.9995,0.216875,0.8473340969146678,0.7795,0.809875,309.2021978496871,AR2_architecture_comparison
1,0.999,0.216375,1.1635894906273432,0.763,0.812875,332.2231306294048,AR2_architecture_comparison
2,0.9985,0.222125,2.1211483855585795,0.767,0.807375,329.8148658398803,AR2_architecture_comparison
3,0.9995,0.220625,0.5258846744331339,0.7645,0.809125,325.7641684381977,AR2_architecture_comparison
4,0.997,0.21375,3.7926079242885744,0.7635,0.8105,332.7431772756849,AR2_architecture_comparison
