replicate,nc_detection,nc_throughput,nc_fn_harm,c_detection,c_throughput,c_fn_harm
0,0.999,0.21225,1.4447647332516484,0.785,0.81025,299.3892088508154
1,0.997,0.218375,3.892016792226976,0.772,0.809125,326.73146181079164
2,0.9985,0.224,1.8161463792496704,0.774,0.81375,314.6817979869663
3,0.999,0.2055,1.3465699952022583,0.7615,0.8055,341.03682806577837
4,0.998,0.21125,2.1107328940308556,0.767,0.818875,333.78286602338835
