parameter,S1,S1_conf,ST,ST_conf,status,rank
safety_gate,0.5376413014583747,0.05,1.0,0.05,configured,1
unsafe_base_rate,0.0,0.05,1.0,0.05,ASSUMED,2
bias_gate,0.0,0.05,0.6823539709070617,0.05,configured,3
calibration_gate,0.0,0.05,0.347060533649021,0.05,configured,4
evidence_gate,0.008457207108102379,0.05,0.30103653242052436,0.05,configured,5
traceability_gate,0.0767376771264069,0.05,0.16535857109776353,0.05,configured,6
auditability_noise,0.009482047597429788,0.05,0.007421133601075645,0.05,ASSUMED,7
