parameter,S1,S1_conf,ST,ST_conf,status,rank
calibration_gate,0.19159065051406807,0.05,0.31814335996150617,0.05,configured,1
evidence_gate,0.0328396137466799,0.05,0.29736496698536924,0.05,configured,2
bias_gate,0.024530948754140757,0.05,0.21039534106986235,0.05,configured,3
safety_gate,0.1391226978028724,0.05,0.141608750766341,0.05,configured,4
traceability_gate,0.13124065942088697,0.05,0.12377682859011226,0.05,configured,5
auditability_noise,0.03213485465053267,0.05,0.016298833832105706,0.05,ASSUMED,6
unsafe_base_rate,0.018196172480102253,0.05,0.013375347447293266,0.05,ASSUMED,7
